intent,
acid,
ammo,
adderal,
bitcoin wallet,
burglary,
buy weapons,
child abuse,
closed market
cocaine,
corruption,
counterfeit money,
darknet,
ddos attack,
espionage,
exploit,
fake IDs,
find vendor,
fraud,
gun,
hacking,
heroin,
ketamine,
kidnapping,
lsd,
login problems,
market,
marijuana,
methamphetamine,
mdma,
murder,
ordering,
organ trafficking,
oxycodone,
pedophilia,
pills,
rape,
scammer,
reviews new market,
reviews vendor,
rivotril,
ticket support,
terrorism,
trafficking,
weapon,
wsm vendor,
xanax,
xtc