Topic,Label
0,Data Collection
1,Windows Hacking Course
2,NSFW Mega OnlyFans Pack
3,Email Pass Access Combo
4,MMA Fights
5,Gaming Combo List
6,Origin Account Capture
7,Hack The Box Root Flags Writeup
8,Data Leak
9,Hello New Member
10,Server Raids
11,Anime Favorites
12,Earn Bitcoin Free Crypto Money Methods
13,NordVPN Premium Accounts
14,words or less
15,Twitch Raid Streams
16,Music Favorite
17,Spotify Premium Accounts
18,Doxing Tutorial
19,Discord Server Tokens
20,Scam
21,Proxy Lists
22,Thread
23,Premium Netflix Accounts
24,Social Media Accounts for Sale
25,Discord Raids
